"This file is an extract of the World Bank STRI dataset. The full dataset can be downloaded from the Services Trade Policy Database accessible through http://i-tip.wto.org/services/, using the download dropdown menu of the STRI on the selection page."
"When using information from this dataset, please cite: Borchert, Gootiiz, Magdeleine, Marchetti, Mattoo, Rubio and Shannon (2019) - ''Applied Services Trade Policy: A Guide to the Services Trade Policy Database and Services Trade Restrictions Index'', WTO Staff Working Paper (ERSD-2019-14)."

,,"Albania","Argentina","Australia","Austria","Bangladesh","Belgium","Bosnia and Herzegovina","Brazil","Canada","Chile","China","Colombia","Costa Rica","Czech Republic","Denmark","Dominican Republic","Ecuador","Egypt","Estonia","Finland","France","Germany","Greece","Hong Kong, China","Hungary","Iceland","India","Indonesia","Ireland","Israel","Italy","Japan","Jordan","Kazakhstan","Kenya","Korea, Republic of","Latvia","Lithuania","Luxembourg","Malaysia","Mexico","Moldova, Republic of","Montenegro","Myanmar","Netherlands","New Zealand","Niger","Nigeria","North Macedonia","Norway","Oman","Pakistan","Panama","Peru","Philippines","Poland","Portugal","Russian Federation","Serbia","Singapore","Slovak Republic","Slovenia","South Africa","Spain","Sri Lanka","Sweden","Switzerland","Chinese Taipei","Tanzania","Thailand","Tunisia","Turkey","Ukraine","United Kingdom","United States of America","Uruguay","Viet Nam"
,Mode,,2016,2016,2016,2016,2016,,2016,2016,2016,2016,2016,2016,2016,2016,2016,2016,2016,2016,2016,2016,2016,2016,2016,2016,2016,2016,2016,2016,2016,2016,2016,,2016,2016,2016,2016,2016,2016,2016,2016,,,2016,2016,2016,,2016,,2016,2016,2016,2016,2016,2016,2016,2016,2016,,2016,2016,2016,2016,2016,2016,2016,2016,2016,,2016,2016,2016,2016,2016,2016,2016,2016
Economy,"ALL       ","N/A","45.3","37.0","41.7","42.9","44.2","N/A","42.9","35.9","34.1","59.4","36.5","38.6","33.1","42.0","34.6","21.1","51.8","39.1","44.2","39.4","37.1","42.5","34.8","42.3","46.0","65.0","64.0","38.6","45.9","35.9","27.4","N/A","45.5","40.3","37.8","35.7","37.9","49.6","54.2","44.0","N/A","N/A","59.3","37.2","41.1","N/A","41.0","N/A","41.7","51.7","39.2","56.6","33.3","53.5","45.1","38.5","42.3","N/A","38.1","36.8","36.2","34.2","34.1","46.4","40.6","40.1","36.2","N/A","52.3","49.9","46.4","38.4","41.3","33.6","39.5","48.5"
"Economy","ALL       ","N/A","45.3","37.0","41.7","42.9","44.2","N/A","42.9","35.9","34.1","59.4","36.5","38.6","33.1","42.0","34.6","21.1","51.8","39.1","44.2","39.4","37.1","42.5","34.8","42.3","46.0","65.0","64.0","38.6","45.9","35.9","27.4","N/A","45.5","40.3","37.8","35.7","37.9","49.6","54.2","44.0","N/A","N/A","59.3","37.2","41.1","N/A","41.0","N/A","41.7","51.7","39.2","56.6","33.3","53.5","45.1","38.5","42.3","N/A","38.1","36.8","36.2","34.2","34.1","46.4","40.6","40.1","36.2","N/A","52.3","49.9","46.4","38.4","41.3","33.6","39.5","48.5"
"Professional Services","ALL       ","N/A","50.9","41.2","52.1","53.9","50.7","N/A","56.8","32.6","36.6","71.7","37.4","46.6","36.8","48.5","36.7","32.3","80.0","43.4","43.7","52.0","42.9","45.9","62.4","50.0","51.7","79.5","76.4","54.2","46.7","40.2","42.9","N/A","52.1","70.6","72.2","27.1","44.4","70.0","53.7","41.7","N/A","N/A","74.0","41.8","48.0","N/A","60.1","N/A","48.9","50.5","43.6","89.5","46.6","88.2","70.9","50.7","41.6","N/A","45.0","41.3","48.7","48.1","43.7","70.5","47.8","47.2","39.0","N/A","72.3","82.7","83.0","36.9","43.7","31.9","46.9","42.9"
"Legal Services: Host Country Advisory Services","3         ","N/A","36.1","32.1","47.9","88.3","41.3","N/A","56.2","37.0","32.1","100.0","32.1","25.0","45.5","40.8","25.0","12.5","100.0","37.4","36.6","38.0","40.4","46.7","91.0","41.7","47.5","100.0","100.0","91.0","45.8","36.1","89.7","N/A","40.1","100.0","37.6","26.0","41.3","100.0","60.4","37.4","N/A","N/A","88.3","37.0","43.8","N/A","90.4","N/A","37.4","36.9","26.9","100.0","40.5","100.0","100.0","38.0","26.0","N/A","53.9","45.5","44.2","91.7","37.0","100.0","40.1","37.4","45.5","N/A","27.7","100.0","100.0","39.7","36.6","37.0","36.6","41.6"
"Legal Services: Host Country Advisory Services","4         ","N/A","55.3","52.2","76.2","100.0","55.6","N/A","52.0","31.5","55.6","76.3","26.0","55.3","26.0","57.6","25.0","53.8","100.0","57.6","52.2","76.3","52.0","75.9","55.8","76.3","57.6","76.2","76.3","52.2","55.6","26.2","50.0","N/A","57.4","75.4","55.3","26.9","76.0","100.0","57.6","52.2","N/A","N/A","75.4","52.0","52.0","N/A","55.6","N/A","57.6","75.1","50.5","100.0","52.5","100.0","100.0","55.6","57.6","N/A","52.0","52.0","75.9","50.3","76.0","100.0","52.2","60.4","0.0","N/A","100.0","100.0","76.2","25.0","52.2","52.0","54.1","52.0"
"Legal Services: Host Country Advisory Services","ALL       ","N/A","45.7","42.2","62.0","94.1","48.4","N/A","54.1","34.2","43.8","88.1","29.1","40.2","35.8","49.2","25.0","33.2","100.0","47.5","44.4","57.1","46.2","61.3","73.4","59.0","52.6","88.1","88.1","71.6","50.7","31.1","69.8","N/A","48.8","87.7","46.5","26.5","58.7","100.0","59.0","44.8","N/A","N/A","81.9","44.5","47.9","N/A","73.0","N/A","47.5","56.0","38.7","100.0","46.5","100.0","100.0","46.8","41.8","N/A","53.0","48.8","60.0","71.0","56.5","100.0","46.2","48.9","22.7","N/A","63.8","100.0","88.1","32.3","44.4","44.5","45.3","46.8"
"Legal Services: Host Country Representation Services","3         ","N/A","36.1","32.1","47.9","88.3","41.3","N/A","56.2","37.0","32.1","100.0","32.1","25.0","37.6","40.8","25.0","26.0","100.0","37.4","36.6","38.0","40.4","46.7","90.3","48.2","47.5","100.0","100.0","91.0","45.8","36.1","89.7","N/A","40.1","100.0","37.6","26.0","41.3","100.0","100.0","33.3","N/A","N/A","100.0","37.0","43.8","N/A","91.0","N/A","37.4","36.9","26.9","100.0","37.0","100.0","100.0","38.0","26.0","N/A","48.1","37.6","44.2","91.7","37.0","100.0","40.1","37.4","45.5","N/A","27.7","100.0","100.0","39.7","36.6","37.0","40.1","41.6"
"Legal Services: Host Country Representation Services","4         ","N/A","55.3","52.2","76.2","100.0","55.6","N/A","52.0","31.5","55.6","76.3","26.0","55.3","26.0","57.6","25.0","53.8","100.0","57.6","52.2","55.6","52.0","75.9","52.0","76.3","57.6","76.2","76.3","52.2","55.6","26.2","25.0","N/A","76.3","75.4","55.3","26.9","76.0","100.0","64.4","52.2","N/A","N/A","100.0","52.0","52.0","N/A","55.6","N/A","57.6","28.7","50.5","100.0","50.5","100.0","100.0","55.6","57.6","N/A","52.0","52.0","75.9","50.3","76.0","100.0","52.2","60.4","0.0","N/A","100.0","100.0","76.2","25.0","52.2","52.0","54.1","100.0"
"Legal Services: Host Country Representation Services","ALL       ","N/A","45.7","42.2","62.0","94.1","48.4","N/A","54.1","34.2","43.8","88.1","29.1","40.2","31.8","49.2","25.0","39.9","100.0","47.5","44.4","46.8","46.2","61.3","71.2","62.2","52.6","88.1","88.1","71.6","50.7","31.1","57.3","N/A","58.2","87.7","46.5","26.5","58.7","100.0","82.2","42.8","N/A","N/A","100.0","44.5","47.9","N/A","73.3","N/A","47.5","32.8","38.7","100.0","43.8","100.0","100.0","46.8","41.8","N/A","50.1","44.8","60.0","71.0","56.5","100.0","46.2","48.9","22.7","N/A","63.8","100.0","88.1","32.3","44.4","44.5","47.1","70.8"
"Legal Services: Home Country Law And/Or Third Country Law (Advisory/Representation)","1         ","N/A","31.5","26.0","31.5","15.7","32.1","N/A","100.0","25.0","26.0","26.0","32.1","25.0","31.5","32.1","0.0","12.5","100.0","32.1","32.1","32.1","31.5","31.5","75.0","32.1","32.1","100.0","100.0","32.1","76.9","31.5","0.0","N/A","31.5","100.0","25.0","26.0","76.9","100.0","26.0","26.0","N/A","N/A","12.5","31.5","31.5","N/A","26.0","N/A","32.1","12.5","26.9","15.7","12.5","15.7","100.0","76.9","26.0","N/A","31.5","100.0","100.0","12.5","31.5","15.7","32.1","32.1","25.0","N/A","100.0","26.0","31.5","31.5","32.1","0.0","32.1","0.0"
"Legal Services: Home Country Law And/Or Third Country Law (Advisory/Representation)","3         ","N/A","36.1","32.1","39.7","15.7","40.1","N/A","55.6","31.5","32.1","59.3","32.1","25.0","38.0","36.6","25.0","26.0","100.0","36.6","36.6","38.0","36.1","46.0","52.0","56.2","46.9","100.0","100.0","76.9","37.4","31.5","75.0","N/A","55.8","100.0","36.1","26.0","40.1","100.0","60.4","33.3","N/A","N/A","32.1","31.5","42.7","N/A","64.0","N/A","37.4","36.9","26.9","33.8","36.6","100.0","100.0","36.6","26.0","N/A","53.9","37.0","43.4","40.1","31.5","100.0","40.1","32.1","45.5","N/A","27.7","100.0","38.0","39.7","36.6","31.5","36.6","41.6"
"Legal Services: Home Country Law And/Or Third Country Law (Advisory/Representation)","4         ","N/A","52.0","52.2","52.0","18.0","52.2","N/A","52.0","31.5","52.2","57.6","26.0","52.0","26.0","55.6","25.0","53.8","100.0","52.2","52.2","76.3","52.0","31.5","55.8","55.6","55.6","76.2","76.3","52.2","52.2","26.2","25.0","N/A","57.4","75.4","52.0","26.9","26.9","100.0","57.6","52.2","N/A","N/A","52.2","52.0","52.0","N/A","52.2","N/A","55.6","75.1","15.7","50.5","76.2","100.0","100.0","26.0","57.6","N/A","52.0","26.0","25.0","27.7","25.0","50.5","32.1","57.6","0.0","N/A","100.0","100.0","52.0","25.0","52.2","32.7","54.1","52.0"
"Legal Services: Home Country Law And/Or Third Country Law (Advisory/Representation)","ALL       ","N/A","41.5","39.0","43.0","16.7","43.4","N/A","63.0","30.2","39.0","52.0","29.7","35.8","31.9","43.3","20.0","34.4","100.0","41.9","41.9","52.1","41.5","37.3","58.1","51.1","47.4","90.5","90.5","58.1","51.3","29.4","40.0","N/A","51.6","90.2","40.2","26.4","42.2","100.0","52.4","39.4","N/A","N/A","36.3","39.7","44.2","N/A","51.7","N/A","43.6","47.3","22.5","36.9","47.6","83.1","100.0","40.4","38.7","N/A","48.7","45.2","47.4","29.6","28.9","63.4","35.3","42.3","23.2","N/A","71.1","85.2","42.3","32.2","41.9","25.7","42.7","37.4"
"Accounting Services","1         ","N/A","100.0","26.0","31.5","15.7","32.1","N/A","100.0","25.0","26.0","76.0","76.9","100.0","31.5","32.1","100.0","12.5","100.0","32.1","32.1","32.1","31.5","31.5","100.0","32.1","32.1","32.1","100.0","32.1","32.1","76.8","0.0","N/A","31.5","100.0","100.0","26.0","32.1","32.1","25.0","26.0","N/A","N/A","100.0","31.5","31.5","N/A","100.0","N/A","76.8","100.0","76.0","100.0","12.5","12.5","31.5","76.9","26.0","N/A","31.5","31.5","31.5","12.5","31.5","75.1","100.0","32.1","100.0","N/A","100.0","100.0","100.0","31.5","32.1","0.0","32.1","0.0"
"Accounting Services","3         ","N/A","36.1","32.1","36.1","40.5","37.4","N/A","40.4","37.0","32.1","54.3","32.1","32.7","31.5","36.6","25.0","12.5","37.0","32.1","36.6","37.4","36.1","36.1","25.0","32.1","43.7","100.0","57.5","32.1","38.0","31.5","50.0","N/A","40.1","32.7","100.0","26.0","32.1","32.1","35.4","37.4","N/A","N/A","64.0","31.5","36.1","N/A","33.3","N/A","36.1","36.9","43.1","100.0","32.1","100.0","31.5","37.4","32.1","N/A","31.5","31.5","36.1","36.6","31.5","35.0","37.4","32.1","37.6","N/A","27.7","100.0","100.0","36.1","36.6","31.5","36.6","26.8"
"Accounting Services","4         ","N/A","57.4","55.6","52.0","50.5","55.6","N/A","52.0","31.5","32.1","76.2","26.0","52.0","26.0","52.2","50.0","12.5","53.6","52.2","52.2","76.3","31.5","31.5","55.8","55.6","52.2","59.2","55.6","52.2","52.2","52.0","25.0","N/A","55.3","50.0","100.0","26.9","26.9","32.1","59.0","52.2","N/A","N/A","12.5","52.0","52.0","N/A","52.2","N/A","55.3","75.1","53.8","100.0","76.2","76.9","52.0","76.0","55.6","N/A","36.1","26.0","25.0","50.3","25.0","53.8","32.1","55.6","50.0","N/A","100.0","100.0","82.8","25.0","52.2","32.7","52.2","55.3"
"Accounting Services","ALL       ","N/A","57.4","40.3","41.5","39.6","43.6","N/A","57.0","32.4","30.9","67.4","38.6","53.9","29.3","41.9","50.0","12.5","56.2","40.2","41.9","51.9","33.3","33.3","52.3","41.5","44.8","70.1","65.2","40.2","42.5","48.8","30.0","N/A","44.5","53.1","100.0","26.4","30.1","32.1","42.7","41.1","N/A","N/A","50.6","39.7","41.5","N/A","54.2","N/A","51.9","64.8","54.0","100.0","45.8","73.3","39.7","60.8","40.3","N/A","33.3","29.3","30.7","37.2","28.9","50.6","47.8","41.5","55.0","N/A","71.1","100.0","93.1","30.7","41.9","25.7","41.9","32.9"
"Auditing Services","1         ","N/A","100.0","26.0","100.0","15.7","100.0","N/A","100.0","25.0","26.0","76.0","76.9","100.0","31.5","100.0","100.0","100.0","100.0","32.1","32.1","32.1","100.0","31.5","100.0","32.1","100.0","32.1","100.0","32.1","32.1","76.8","0.0","N/A","100.0","100.0","100.0","26.0","76.9","100.0","25.0","26.0","N/A","N/A","100.0","31.5","100.0","N/A","100.0","N/A","76.8","100.0","76.0","100.0","15.7","100.0","31.5","76.9","26.0","N/A","100.0","31.5","76.8","12.5","31.5","100.0","100.0","76.9","100.0","N/A","100.0","26.0","100.0","100.0","32.1","0.0","100.0","0.0"
"Auditing Services","3         ","N/A","36.1","37.4","37.0","40.5","38.0","N/A","40.4","37.0","32.1","54.3","37.4","32.7","37.0","38.0","25.0","12.5","33.4","36.6","40.8","37.4","40.4","40.9","50.0","37.4","44.8","100.0","50.4","37.4","38.0","37.0","50.0","N/A","40.1","26.8","100.0","33.3","37.4","37.4","35.7","37.4","N/A","N/A","100.0","37.0","40.4","N/A","33.3","N/A","37.6","36.9","43.1","100.0","37.0","100.0","37.0","38.0","43.1","N/A","32.1","37.0","37.6","45.8","37.0","35.5","38.5","36.6","37.6","N/A","64.1","36.6","100.0","55.7","40.8","31.5","36.6","32.7"
"Auditing Services","4         ","N/A","57.4","55.6","52.0","50.5","76.2","N/A","50.0","31.5","32.1","76.2","55.6","55.3","75.9","55.6","50.0","50.3","76.3","52.2","57.6","76.2","31.5","52.0","55.8","55.6","55.6","59.2","55.6","52.2","52.2","52.0","25.0","N/A","55.3","53.6","100.0","26.9","26.9","32.1","59.0","52.2","N/A","N/A","100.0","52.0","52.0","N/A","52.2","N/A","52.0","28.7","53.8","100.0","76.4","76.9","57.4","55.6","55.6","N/A","31.5","55.3","55.3","50.3","75.9","53.8","57.6","59.2","50.0","N/A","100.0","52.2","82.8","25.0","57.6","32.7","52.2","55.3"
"Auditing Services","ALL       ","N/A","57.4","42.4","55.6","39.6","65.7","N/A","56.2","32.4","30.9","67.4","52.6","55.2","51.4","57.4","50.0","45.1","63.9","41.9","45.8","51.9","48.8","43.5","62.3","43.6","60.1","70.1","62.4","42.3","42.5","50.9","30.0","N/A","58.2","52.2","100.0","29.3","41.1","47.8","42.9","41.1","N/A","N/A","100.0","41.9","57.0","N/A","54.2","N/A","51.2","46.2","54.0","100.0","48.5","90.8","44.1","52.8","44.7","N/A","45.5","43.2","52.5","40.9","51.4","55.7","58.4","53.7","55.0","N/A","85.6","40.7","93.1","52.3","45.8","25.7","55.5","35.2"
"Architectural Services","1","N/A","N/A","N/A","N/A","N/A","N/A","N/A","N/A","N/A","N/A","N/A","N/A","N/A","N/A","N/A","N/A","N/A","N/A","N/A","N/A","N/A","N/A","N/A","N/A","N/A","N/A","N/A","N/A","N/A","N/A","N/A","N/A","N/A","N/A","N/A","N/A","N/A","N/A","N/A","N/A","N/A","N/A","N/A","N/A","N/A","N/A","N/A","N/A","N/A","N/A","N/A","N/A","N/A","N/A","N/A","N/A","N/A","N/A","N/A","N/A","N/A","N/A","N/A","N/A","N/A","N/A","N/A","N/A","N/A","N/A","N/A","N/A","N/A","N/A","N/A","N/A","N/A"
"Architectural Services","3","N/A","N/A","N/A","N/A","N/A","N/A","N/A","N/A","N/A","N/A","N/A","N/A","N/A","N/A","N/A","N/A","N/A","N/A","N/A","N/A","N/A","N/A","N/A","N/A","N/A","N/A","N/A","N/A","N/A","N/A","N/A","N/A","N/A","N/A","N/A","N/A","N/A","N/A","N/A","N/A","N/A","N/A","N/A","N/A","N/A","N/A","N/A","N/A","N/A","N/A","N/A","N/A","N/A","N/A","N/A","N/A","N/A","N/A","N/A","N/A","N/A","N/A","N/A","N/A","N/A","N/A","N/A","N/A","N/A","N/A","N/A","N/A","N/A","N/A","N/A","N/A","N/A"
"Architectural Services","4","N/A","N/A","N/A","N/A","N/A","N/A","N/A","N/A","N/A","N/A","N/A","N/A","N/A","N/A","N/A","N/A","N/A","N/A","N/A","N/A","N/A","N/A","N/A","N/A","N/A","N/A","N/A","N/A","N/A","N/A","N/A","N/A","N/A","N/A","N/A","N/A","N/A","N/A","N/A","N/A","N/A","N/A","N/A","N/A","N/A","N/A","N/A","N/A","N/A","N/A","N/A","N/A","N/A","N/A","N/A","N/A","N/A","N/A","N/A","N/A","N/A","N/A","N/A","N/A","N/A","N/A","N/A","N/A","N/A","N/A","N/A","N/A","N/A","N/A","N/A","N/A","N/A"
"Architectural Services","ALL","N/A","N/A","N/A","N/A","N/A","N/A","N/A","N/A","N/A","N/A","N/A","N/A","N/A","N/A","N/A","N/A","N/A","N/A","N/A","N/A","N/A","N/A","N/A","N/A","N/A","N/A","N/A","N/A","N/A","N/A","N/A","N/A","N/A","N/A","N/A","N/A","N/A","N/A","N/A","N/A","N/A","N/A","N/A","N/A","N/A","N/A","N/A","N/A","N/A","N/A","N/A","N/A","N/A","N/A","N/A","N/A","N/A","N/A","N/A","N/A","N/A","N/A","N/A","N/A","N/A","N/A","N/A","N/A","N/A","N/A","N/A","N/A","N/A","N/A","N/A","N/A","N/A"
"Engineering Services","1","N/A","N/A","N/A","N/A","N/A","N/A","N/A","N/A","N/A","N/A","N/A","N/A","N/A","N/A","N/A","N/A","N/A","N/A","N/A","N/A","N/A","N/A","N/A","N/A","N/A","N/A","N/A","N/A","N/A","N/A","N/A","N/A","N/A","N/A","N/A","N/A","N/A","N/A","N/A","N/A","N/A","N/A","N/A","N/A","N/A","N/A","N/A","N/A","N/A","N/A","N/A","N/A","N/A","N/A","N/A","N/A","N/A","N/A","N/A","N/A","N/A","N/A","N/A","N/A","N/A","N/A","N/A","N/A","N/A","N/A","N/A","N/A","N/A","N/A","N/A","N/A","N/A"
"Engineering Services","3","N/A","N/A","N/A","N/A","N/A","N/A","N/A","N/A","N/A","N/A","N/A","N/A","N/A","N/A","N/A","N/A","N/A","N/A","N/A","N/A","N/A","N/A","N/A","N/A","N/A","N/A","N/A","N/A","N/A","N/A","N/A","N/A","N/A","N/A","N/A","N/A","N/A","N/A","N/A","N/A","N/A","N/A","N/A","N/A","N/A","N/A","N/A","N/A","N/A","N/A","N/A","N/A","N/A","N/A","N/A","N/A","N/A","N/A","N/A","N/A","N/A","N/A","N/A","N/A","N/A","N/A","N/A","N/A","N/A","N/A","N/A","N/A","N/A","N/A","N/A","N/A","N/A"
"Engineering Services","4","N/A","N/A","N/A","N/A","N/A","N/A","N/A","N/A","N/A","N/A","N/A","N/A","N/A","N/A","N/A","N/A","N/A","N/A","N/A","N/A","N/A","N/A","N/A","N/A","N/A","N/A","N/A","N/A","N/A","N/A","N/A","N/A","N/A","N/A","N/A","N/A","N/A","N/A","N/A","N/A","N/A","N/A","N/A","N/A","N/A","N/A","N/A","N/A","N/A","N/A","N/A","N/A","N/A","N/A","N/A","N/A","N/A","N/A","N/A","N/A","N/A","N/A","N/A","N/A","N/A","N/A","N/A","N/A","N/A","N/A","N/A","N/A","N/A","N/A","N/A","N/A","N/A"
"Engineering Services","ALL","N/A","N/A","N/A","N/A","N/A","N/A","N/A","N/A","N/A","N/A","N/A","N/A","N/A","N/A","N/A","N/A","N/A","N/A","N/A","N/A","N/A","N/A","N/A","N/A","N/A","N/A","N/A","N/A","N/A","N/A","N/A","N/A","N/A","N/A","N/A","N/A","N/A","N/A","N/A","N/A","N/A","N/A","N/A","N/A","N/A","N/A","N/A","N/A","N/A","N/A","N/A","N/A","N/A","N/A","N/A","N/A","N/A","N/A","N/A","N/A","N/A","N/A","N/A","N/A","N/A","N/A","N/A","N/A","N/A","N/A","N/A","N/A","N/A","N/A","N/A","N/A","N/A"
"Computer And Related Services","1","N/A","N/A","N/A","N/A","N/A","N/A","N/A","N/A","N/A","N/A","N/A","N/A","N/A","N/A","N/A","N/A","N/A","N/A","N/A","N/A","N/A","N/A","N/A","N/A","N/A","N/A","N/A","N/A","N/A","N/A","N/A","N/A","N/A","N/A","N/A","N/A","N/A","N/A","N/A","N/A","N/A","N/A","N/A","N/A","N/A","N/A","N/A","N/A","N/A","N/A","N/A","N/A","N/A","N/A","N/A","N/A","N/A","N/A","N/A","N/A","N/A","N/A","N/A","N/A","N/A","N/A","N/A","N/A","N/A","N/A","N/A","N/A","N/A","N/A","N/A","N/A","N/A"
"Computer And Related Services","3","N/A","N/A","N/A","N/A","N/A","N/A","N/A","N/A","N/A","N/A","N/A","N/A","N/A","N/A","N/A","N/A","N/A","N/A","N/A","N/A","N/A","N/A","N/A","N/A","N/A","N/A","N/A","N/A","N/A","N/A","N/A","N/A","N/A","N/A","N/A","N/A","N/A","N/A","N/A","N/A","N/A","N/A","N/A","N/A","N/A","N/A","N/A","N/A","N/A","N/A","N/A","N/A","N/A","N/A","N/A","N/A","N/A","N/A","N/A","N/A","N/A","N/A","N/A","N/A","N/A","N/A","N/A","N/A","N/A","N/A","N/A","N/A","N/A","N/A","N/A","N/A","N/A"
"Computer And Related Services","4","N/A","N/A","N/A","N/A","N/A","N/A","N/A","N/A","N/A","N/A","N/A","N/A","N/A","N/A","N/A","N/A","N/A","N/A","N/A","N/A","N/A","N/A","N/A","N/A","N/A","N/A","N/A","N/A","N/A","N/A","N/A","N/A","N/A","N/A","N/A","N/A","N/A","N/A","N/A","N/A","N/A","N/A","N/A","N/A","N/A","N/A","N/A","N/A","N/A","N/A","N/A","N/A","N/A","N/A","N/A","N/A","N/A","N/A","N/A","N/A","N/A","N/A","N/A","N/A","N/A","N/A","N/A","N/A","N/A","N/A","N/A","N/A","N/A","N/A","N/A","N/A","N/A"
"Computer And Related Services","ALL","N/A","N/A","N/A","N/A","N/A","N/A","N/A","N/A","N/A","N/A","N/A","N/A","N/A","N/A","N/A","N/A","N/A","N/A","N/A","N/A","N/A","N/A","N/A","N/A","N/A","N/A","N/A","N/A","N/A","N/A","N/A","N/A","N/A","N/A","N/A","N/A","N/A","N/A","N/A","N/A","N/A","N/A","N/A","N/A","N/A","N/A","N/A","N/A","N/A","N/A","N/A","N/A","N/A","N/A","N/A","N/A","N/A","N/A","N/A","N/A","N/A","N/A","N/A","N/A","N/A","N/A","N/A","N/A","N/A","N/A","N/A","N/A","N/A","N/A","N/A","N/A","N/A"
"Telecommunication Services","ALL       ","N/A","36.3","36.2","38.3","42.1","38.7","N/A","43.6","51.3","36.4","64.4","36.2","52.9","30.0","37.9","25.3","27.7","61.6","38.3","37.9","32.9","35.0","38.3","18.2","41.4","44.8","47.4","41.8","33.9","44.6","34.6","33.3","N/A","44.7","33.4","37.8","35.4","35.4","35.4","28.9","39.2","N/A","N/A","50.2","33.3","41.4","N/A","36.2","N/A","42.0","37.4","38.9","30.2","39.7","54.3","42.2","29.1","42.1","N/A","35.0","33.7","32.5","36.5","32.5","55.3","37.9","41.4","39.8","N/A","35.1","41.9","37.5","39.1","37.9","31.6","69.4","45.3"
"Fixed-Line Telecommunication Services","3         ","N/A","40.5","37.4","37.0","43.8","37.4","N/A","42.7","54.1","40.5","66.1","40.5","100.0","32.1","36.6","25.0","26.9","100.0","37.0","36.6","36.6","36.1","37.0","15.7","40.1","44.2","47.2","40.9","32.1","44.1","37.0","31.5","N/A","43.7","32.2","36.1","36.6","36.6","36.6","32.1","38.0","N/A","N/A","55.8","31.5","40.4","N/A","37.4","N/A","41.2","35.5","43.5","32.8","40.1","59.0","43.8","32.1","41.2","N/A","36.1","36.1","36.1","38.0","36.1","76.0","36.6","40.1","43.4","N/A","33.4","33.3","36.1","43.5","36.6","32.1","100.0","44.6"
"Fixed-Line Telecommunication Services","4         ","N/A","0.0","50.0","50.0","26.8","50.0","N/A","50.0","25.0","0.0","50.0","0.0","12.5","12.5","50.0","27.9","0.0","52.4","50.0","50.0","0.0","25.0","50.0","50.0","53.6","50.0","50.0","50.0","50.0","50.0","13.4","50.0","N/A","53.6","50.0","0.0","25.0","25.0","25.0","0.0","50.0","N/A","N/A","0.0","50.0","50.0","N/A","25.0","N/A","50.0","53.6","0.0","26.8","26.8","12.5","50.0","0.0","53.6","N/A","25.0","12.5","0.0","25.0","0.0","0.0","50.0","53.6","0.0","N/A","50.0","50.0","50.0","0.0","50.0","26.8","50.0","52.0"
"Fixed-Line Telecommunication Services","ALL       ","N/A","36.4","38.7","38.3","42.1","38.7","N/A","43.5","51.2","36.4","64.5","36.4","91.3","30.2","37.9","25.3","24.2","95.2","38.3","37.9","32.9","35.0","38.3","19.2","41.4","44.8","47.4","41.8","33.9","44.7","34.6","33.3","N/A","44.7","34.0","32.5","35.4","35.4","35.4","28.9","39.2","N/A","N/A","50.2","33.3","41.4","N/A","36.2","N/A","42.1","37.3","39.1","32.2","38.8","54.3","44.4","28.9","42.5","N/A","35.0","33.7","32.5","36.7","32.5","68.4","37.9","41.4","39.1","N/A","35.1","34.9","37.5","39.1","37.9","31.6","95.0","45.3"
"Mobile Telecommunication Services","3         ","N/A","40.5","33.3","37.0","43.8","37.4","N/A","43.1","54.3","40.5","66.1","40.1","36.1","32.1","36.6","25.0","32.8","44.1","37.0","36.6","36.6","36.1","37.0","15.7","40.1","44.2","47.2","40.9","32.1","44.1","37.0","31.5","N/A","43.7","32.2","36.1","36.6","36.6","36.6","32.1","38.0","N/A","N/A","54.1","31.5","40.4","N/A","37.4","N/A","41.2","35.5","43.1","26.9","40.1","59.0","40.1","32.8","40.9","N/A","36.1","36.1","36.1","38.0","36.1","54.1","36.6","40.1","46.0","N/A","33.4","33.3","36.1","43.5","36.6","32.8","57.6","44.6"
"Mobile Telecommunication Services","4         ","N/A","0.0","50.0","50.0","26.8","50.0","N/A","50.0","25.0","0.0","50.0","0.0","12.5","12.5","50.0","27.9","0.0","50.0","50.0","50.0","0.0","25.0","50.0","50.0","53.6","50.0","50.0","50.0","50.0","50.0","13.4","50.0","N/A","53.6","50.0","0.0","25.0","25.0","25.0","0.0","50.0","N/A","N/A","0.0","50.0","50.0","N/A","25.0","N/A","50.0","53.6","0.0","26.8","26.8","12.5","50.0","0.0","53.6","N/A","25.0","12.5","0.0","25.0","0.0","0.0","50.0","53.6","0.0","N/A","50.0","50.0","50.0","0.0","50.0","26.8","0.0","52.0"
"Mobile Telecommunication Services","ALL       ","N/A","36.4","34.9","38.3","42.1","38.7","N/A","43.8","51.4","36.4","64.5","36.1","33.7","30.2","37.9","25.3","29.5","44.7","38.3","37.9","32.9","35.0","38.3","19.2","41.4","44.8","47.4","41.8","33.9","44.7","34.6","33.3","N/A","44.7","34.0","32.5","35.4","35.4","35.4","28.9","39.2","N/A","N/A","48.7","33.3","41.4","N/A","36.2","N/A","42.1","37.3","38.8","26.9","38.8","54.3","41.1","29.5","42.2","N/A","35.0","33.7","32.5","36.7","32.5","48.7","37.9","41.4","41.4","N/A","35.1","34.9","37.5","39.1","37.9","32.2","51.9","45.3"
"Internet Services","3         ","N/A","40.1","33.3","37.0","43.8","37.4","N/A","42.7","54.1","40.5","65.8","40.1","36.1","31.5","36.6","25.0","32.8","44.1","37.0","36.6","36.6","36.1","37.0","12.5","40.1","44.2","47.2","40.9","32.1","43.8","37.0","31.5","N/A","43.7","30.2","53.9","36.6","36.6","36.6","32.1","38.0","N/A","N/A","57.4","31.5","40.4","N/A","37.4","N/A","40.8","36.0","43.1","32.1","43.1","58.8","40.1","32.1","40.5","N/A","36.1","36.1","36.1","37.5","36.1","54.1","36.6","40.1","43.4","N/A","33.4","56.6","36.1","43.5","36.6","31.5","68.1","44.6"
"Internet Services","4         ","N/A","0.0","50.0","50.0","26.8","50.0","N/A","50.0","25.0","0.0","50.0","0.0","12.5","12.5","50.0","27.9","0.0","53.6","50.0","50.0","0.0","25.0","50.0","50.0","53.6","50.0","50.0","50.0","50.0","50.0","13.4","50.0","N/A","53.6","50.0","0.0","25.0","25.0","25.0","0.0","50.0","N/A","N/A","0.0","50.0","50.0","N/A","25.0","N/A","50.0","53.6","0.0","26.8","26.8","12.5","50.0","0.0","53.6","N/A","25.0","12.5","0.0","25.0","0.0","0.0","50.0","53.6","0.0","N/A","50.0","50.0","50.0","0.0","50.0","26.8","0.0","52.0"
"Internet Services","ALL       ","N/A","36.1","34.9","38.3","42.1","38.7","N/A","43.5","51.2","36.4","64.2","36.1","33.7","29.6","37.9","25.3","29.5","45.0","38.3","37.9","32.9","35.0","38.3","16.3","41.4","44.8","47.4","41.8","33.9","44.4","34.6","33.3","N/A","44.7","32.2","48.5","35.4","35.4","35.4","28.9","39.2","N/A","N/A","51.7","33.3","41.4","N/A","36.2","N/A","41.7","37.7","38.8","31.6","41.5","54.2","41.1","28.9","41.8","N/A","35.0","33.7","32.5","36.3","32.5","48.7","37.9","41.4","39.1","N/A","35.1","55.9","37.5","39.1","37.9","31.0","61.3","45.3"
"Construction And Related Engineering Services","1","N/A","N/A","N/A","N/A","N/A","N/A","N/A","N/A","N/A","N/A","N/A","N/A","N/A","N/A","N/A","N/A","N/A","N/A","N/A","N/A","N/A","N/A","N/A","N/A","N/A","N/A","N/A","N/A","N/A","N/A","N/A","N/A","N/A","N/A","N/A","N/A","N/A","N/A","N/A","N/A","N/A","N/A","N/A","N/A","N/A","N/A","N/A","N/A","N/A","N/A","N/A","N/A","N/A","N/A","N/A","N/A","N/A","N/A","N/A","N/A","N/A","N/A","N/A","N/A","N/A","N/A","N/A","N/A","N/A","N/A","N/A","N/A","N/A","N/A","N/A","N/A","N/A"
"Construction And Related Engineering Services","3","N/A","N/A","N/A","N/A","N/A","N/A","N/A","N/A","N/A","N/A","N/A","N/A","N/A","N/A","N/A","N/A","N/A","N/A","N/A","N/A","N/A","N/A","N/A","N/A","N/A","N/A","N/A","N/A","N/A","N/A","N/A","N/A","N/A","N/A","N/A","N/A","N/A","N/A","N/A","N/A","N/A","N/A","N/A","N/A","N/A","N/A","N/A","N/A","N/A","N/A","N/A","N/A","N/A","N/A","N/A","N/A","N/A","N/A","N/A","N/A","N/A","N/A","N/A","N/A","N/A","N/A","N/A","N/A","N/A","N/A","N/A","N/A","N/A","N/A","N/A","N/A","N/A"
"Construction And Related Engineering Services","4","N/A","N/A","N/A","N/A","N/A","N/A","N/A","N/A","N/A","N/A","N/A","N/A","N/A","N/A","N/A","N/A","N/A","N/A","N/A","N/A","N/A","N/A","N/A","N/A","N/A","N/A","N/A","N/A","N/A","N/A","N/A","N/A","N/A","N/A","N/A","N/A","N/A","N/A","N/A","N/A","N/A","N/A","N/A","N/A","N/A","N/A","N/A","N/A","N/A","N/A","N/A","N/A","N/A","N/A","N/A","N/A","N/A","N/A","N/A","N/A","N/A","N/A","N/A","N/A","N/A","N/A","N/A","N/A","N/A","N/A","N/A","N/A","N/A","N/A","N/A","N/A","N/A"
"Construction And Related Engineering Services","ALL","N/A","N/A","N/A","N/A","N/A","N/A","N/A","N/A","N/A","N/A","N/A","N/A","N/A","N/A","N/A","N/A","N/A","N/A","N/A","N/A","N/A","N/A","N/A","N/A","N/A","N/A","N/A","N/A","N/A","N/A","N/A","N/A","N/A","N/A","N/A","N/A","N/A","N/A","N/A","N/A","N/A","N/A","N/A","N/A","N/A","N/A","N/A","N/A","N/A","N/A","N/A","N/A","N/A","N/A","N/A","N/A","N/A","N/A","N/A","N/A","N/A","N/A","N/A","N/A","N/A","N/A","N/A","N/A","N/A","N/A","N/A","N/A","N/A","N/A","N/A","N/A","N/A"
"Distribution Services","ALL       ","N/A","45.2","33.5","36.5","26.8","44.1","N/A","32.8","32.7","30.8","56.4","32.0","28.3","29.6","37.0","24.8","11.3","41.1","37.0","43.5","40.0","34.0","43.4","27.0","37.4","42.3","62.8","71.1","33.9","37.0","33.8","16.8","N/A","40.0","24.5","22.5","37.6","34.5","53.1","49.5","36.8","N/A","N/A","55.5","33.3","37.2","N/A","32.4","N/A","37.0","60.8","28.9","55.1","28.8","38.5","36.5","37.9","33.1","N/A","35.0","32.8","31.5","23.2","31.5","28.3","37.0","37.4","30.2","N/A","41.4","36.0","36.5","31.5","37.0","24.7","32.5","48.8"
"Wholesale Trade Services","1         ","N/A","31.5","26.0","31.5","15.7","32.1","N/A","0.0","25.0","26.0","100.0","32.1","25.0","31.5","32.1","15.7","12.5","0.0","32.1","32.1","36.6","31.5","31.5","15.7","32.1","32.1","76.9","100.0","32.1","32.1","36.1","0.0","N/A","31.5","0.0","25.0","26.0","32.1","100.0","32.8","26.0","N/A","N/A","75.0","31.5","31.5","N/A","31.5","N/A","32.1","76.0","32.1","0.0","15.7","32.1","31.5","76.9","26.0","N/A","36.1","31.5","31.5","12.5","31.5","26.9","32.1","32.1","25.0","N/A","0.0","26.0","31.5","31.5","32.1","0.0","32.1","31.5"
"Wholesale Trade Services","3         ","N/A","55.6","33.3","36.1","26.9","36.6","N/A","39.7","36.1","36.6","54.1","36.6","31.5","31.5","36.6","26.9","12.5","57.2","36.6","36.6","36.6","36.1","37.0","26.9","36.6","44.2","55.8","56.6","32.1","36.6","36.1","0.0","N/A","40.4","27.9","25.0","32.1","36.6","32.1","60.6","38.0","N/A","N/A","53.9","31.5","37.0","N/A","36.1","N/A","36.6","58.0","32.1","31.5","32.8","43.7","36.1","32.1","32.1","N/A","36.1","36.1","36.1","26.0","36.1","32.8","36.6","36.6","36.1","N/A","52.0","40.8","36.1","36.1","36.6","31.5","36.6","52.0"
"Wholesale Trade Services","4         ","N/A","0.0","50.0","50.0","26.8","50.0","N/A","50.0","25.0","0.0","50.0","0.0","12.5","12.5","50.0","27.9","0.0","53.6","50.0","50.0","0.0","25.0","50.0","50.0","53.6","50.0","50.0","50.0","50.0","50.0","13.4","50.0","N/A","53.6","50.0","0.0","25.0","25.0","25.0","0.0","50.0","N/A","N/A","0.0","50.0","50.0","N/A","25.0","N/A","50.0","53.6","0.0","26.8","26.8","12.5","50.0","0.0","53.6","N/A","25.0","12.5","0.0","25.0","0.0","0.0","50.0","53.6","0.0","N/A","50.0","50.0","50.0","0.0","50.0","26.8","0.0","52.0"
"Wholesale Trade Services","ALL       ","N/A","45.2","33.5","36.5","24.7","37.0","N/A","32.8","32.7","30.8","62.9","32.0","28.3","29.6","37.0","24.8","11.3","45.4","37.0","37.0","32.9","34.0","37.2","27.0","37.4","42.3","59.5","64.6","33.9","37.0","33.8","5.0","N/A","40.0","24.5","22.5","30.2","34.5","45.0","49.0","36.8","N/A","N/A","52.7","33.3","37.2","N/A","34.0","N/A","37.0","61.2","28.9","24.7","28.8","38.3","36.5","37.9","33.1","N/A","35.0","32.8","31.5","23.2","31.5","28.3","37.0","37.4","30.2","N/A","41.4","38.8","36.5","31.5","37.0","24.7","32.0","47.9"
"Retailing Services","1         ","N/A","31.5","26.0","31.5","15.7","32.1","N/A","0.0","25.0","26.0","100.0","32.1","25.0","31.5","32.1","15.7","12.5","0.0","32.1","32.1","36.6","31.5","31.5","15.7","32.1","32.1","100.0","100.0","32.1","32.1","36.1","25.0","N/A","31.5","0.0","25.0","26.0","32.1","100.0","32.8","26.0","N/A","N/A","75.0","31.5","31.5","N/A","31.5","N/A","32.1","76.0","32.1","12.5","15.7","32.1","31.5","76.9","26.0","N/A","36.1","31.5","31.5","12.5","31.5","26.9","32.1","32.1","25.0","N/A","0.0","26.0","31.5","31.5","32.1","0.0","36.6","31.5"
"Retailing Services","3         ","N/A","55.6","33.3","36.1","32.8","55.8","N/A","39.7","36.1","36.6","36.6","36.6","31.5","31.5","36.6","26.9","12.5","45.4","36.6","54.1","55.8","36.1","53.9","26.9","36.6","44.2","58.2","74.2","32.1","36.6","36.1","25.0","N/A","40.4","27.9","25.0","52.2","36.6","54.1","62.0","38.0","N/A","N/A","61.4","31.5","37.0","N/A","31.5","N/A","36.6","57.0","32.1","100.0","32.8","44.2","36.1","32.1","32.1","N/A","36.1","36.1","36.1","26.0","36.1","32.8","36.6","36.6","36.1","N/A","52.0","33.3","36.1","36.1","36.6","31.5","36.6","54.6"
"Retailing Services","4         ","N/A","0.0","50.0","50.0","26.8","50.0","N/A","50.0","25.0","0.0","50.0","0.0","12.5","12.5","50.0","27.9","0.0","53.6","50.0","50.0","0.0","25.0","50.0","50.0","53.6","50.0","50.0","50.0","50.0","50.0","13.4","50.0","N/A","53.6","50.0","0.0","25.0","25.0","25.0","0.0","50.0","N/A","N/A","0.0","50.0","50.0","N/A","25.0","N/A","50.0","53.6","0.0","100.0","26.8","12.5","50.0","0.0","53.6","N/A","25.0","12.5","0.0","25.0","0.0","0.0","50.0","53.6","0.0","N/A","50.0","50.0","50.0","0.0","50.0","26.8","0.0","52.0"
"Retailing Services","ALL       ","N/A","45.2","33.5","36.5","28.8","50.5","N/A","32.8","32.7","30.8","50.6","32.0","28.3","29.6","37.0","24.8","11.3","37.2","37.0","49.3","46.4","34.0","49.0","27.0","37.4","42.3","65.8","76.9","33.9","37.0","33.8","27.5","N/A","40.0","24.5","22.5","44.3","34.5","60.4","49.9","36.8","N/A","N/A","58.0","33.3","37.2","N/A","30.8","N/A","37.0","60.5","28.9","82.5","28.8","38.6","36.5","37.9","33.1","N/A","35.0","32.8","31.5","23.2","31.5","28.3","37.0","37.4","30.2","N/A","41.4","33.5","36.5","31.5","37.0","24.7","32.9","49.7"
"Financial Services","ALL       ","N/A","41.4","40.4","45.4","56.5","43.1","N/A","57.5","39.9","40.6","65.5","43.6","41.0","37.7","47.7","56.9","31.2","52.4","37.6","48.2","35.1","37.2","41.8","44.6","46.4","50.8","64.6","58.5","37.2","54.0","35.9","34.6","N/A","55.4","51.0","36.1","39.8","42.7","35.6","62.1","58.1","N/A","N/A","54.9","41.6","44.9","N/A","39.1","N/A","46.5","42.8","59.2","42.2","32.3","49.3","47.3","38.1","58.4","N/A","42.3","43.2","37.7","45.0","32.5","56.2","45.1","38.5","42.1","N/A","58.5","52.5","46.9","39.8","48.8","52.0","37.1","52.0"
"Life Insurance","1         ","N/A","100.0","100.0","76.8","100.0","76.9","N/A","100.0","100.0","76.0","100.0","100.0","32.8","76.8","76.9","100.0","26.9","32.8","32.1","76.9","76.9","76.8","31.5","25.0","76.9","76.9","100.0","76.1","76.9","77.0","76.8","100.0","N/A","100.0","32.1","25.0","76.0","76.9","100.0","32.1","100.0","N/A","N/A","100.0","31.5","31.5","N/A","32.1","N/A","100.0","75.2","100.0","100.0","25.0","50.5","76.8","76.9","100.0","N/A","32.1","76.8","76.8","100.0","100.0","50.5","76.9","76.9","100.0","N/A","100.0","100.0","31.5","100.0","76.9","100.0","100.0","100.0"
"Life Insurance","3         ","N/A","56.2","37.9","37.4","35.0","36.6","N/A","57.2","36.1","37.0","63.0","41.6","37.0","31.5","40.1","54.3","37.0","48.7","36.6","40.8","32.1","36.6","41.6","0.0","40.1","44.8","77.3","52.8","32.1","54.3","37.0","26.0","N/A","59.1","40.1","25.0","36.6","36.6","32.1","65.5","42.4","N/A","N/A","100.0","31.5","37.0","N/A","36.6","N/A","36.6","38.4","59.5","32.8","31.5","58.2","37.0","36.6","75.0","N/A","43.5","36.1","36.1","36.6","37.0","54.3","36.6","37.0","40.1","N/A","44.6","44.1","36.1","46.3","36.6","41.9","40.1","34.0"
"Life Insurance","4         ","N/A","0.0","50.0","50.0","25.0","50.0","N/A","50.0","25.0","0.0","50.0","0.0","12.5","12.5","50.0","27.9","0.0","53.6","50.0","50.0","0.0","25.0","50.0","50.0","53.6","50.0","50.0","50.0","50.0","50.0","13.4","50.0","N/A","53.6","50.0","0.0","25.0","25.0","25.0","0.0","50.0","N/A","N/A","100.0","50.0","50.0","N/A","25.0","N/A","50.0","53.6","0.0","26.8","26.8","12.5","50.0","0.0","53.6","N/A","25.0","12.5","0.0","25.0","0.0","50.0","50.0","53.6","0.0","N/A","50.0","50.0","50.0","25.0","50.0","26.8","0.0","52.0"
"Life Insurance","ALL       ","N/A","55.0","45.3","42.6","40.5","41.9","N/A","60.8","41.3","37.2","65.4","43.3","34.2","34.1","44.8","56.2","32.3","47.6","37.5","45.4","33.4","39.4","41.5","7.5","45.1","48.5","76.8","54.9","38.4","56.2","38.6","35.8","N/A","62.7","40.3","22.5","39.3","39.4","38.2","55.7","48.9","N/A","N/A","100.0","33.3","37.7","N/A","35.0","N/A","44.2","43.6","57.6","38.9","30.4","52.8","42.2","36.9","75.3","N/A","40.5","37.8","36.5","41.7","39.6","53.5","41.9","42.7","42.1","N/A","50.7","50.3","37.0","49.5","41.9","46.2","42.1","42.4"
"Non-Life Insurance","1         ","N/A","36.6","76.0","76.8","100.0","76.9","N/A","75.0","75.9","76.0","76.1","77.0","32.8","76.8","76.9","100.0","26.9","77.0","32.1","76.9","76.9","76.8","31.5","25.0","76.9","77.8","77.9","76.1","76.9","77.0","76.8","76.0","N/A","100.0","100.0","76.8","76.0","76.9","76.9","40.1","100.0","N/A","N/A","100.0","31.5","31.5","N/A","76.9","N/A","100.0","100.0","100.0","75.2","12.5","50.5","76.8","76.9","76.1","N/A","31.5","76.8","76.8","100.0","76.8","50.5","76.9","76.9","36.6","N/A","100.0","32.1","77.7","36.6","76.9","76.0","36.6","26.0"
"Non-Life Insurance","3         ","N/A","56.2","33.8","40.8","55.0","36.6","N/A","57.2","36.1","37.0","56.0","41.6","32.8","31.5","40.1","54.3","37.0","48.7","36.6","40.8","32.1","36.6","43.8","0.0","40.1","47.2","77.6","52.8","32.1","54.3","37.0","26.0","N/A","59.3","40.1","31.5","36.6","36.6","36.6","66.7","42.4","N/A","N/A","100.0","31.5","37.0","N/A","36.6","N/A","36.6","38.4","59.1","32.8","26.0","58.2","37.0","36.6","61.7","N/A","40.1","36.1","36.1","36.6","37.0","54.3","36.6","37.0","43.1","N/A","44.6","44.1","39.7","46.3","36.6","41.9","36.6","38.5"
"Non-Life Insurance","4         ","N/A","0.0","0.0","50.0","25.0","50.0","N/A","50.0","25.0","0.0","50.0","0.0","12.5","12.5","50.0","27.9","0.0","53.6","0.0","50.0","0.0","25.0","50.0","50.0","53.6","50.0","50.0","0.0","50.0","50.0","13.4","50.0","N/A","53.6","50.0","0.0","25.0","25.0","25.0","0.0","50.0","N/A","N/A","100.0","50.0","50.0","N/A","25.0","N/A","50.0","53.6","0.0","26.8","26.8","12.5","50.0","0.0","53.6","N/A","25.0","12.5","0.0","25.0","0.0","0.0","50.0","53.6","0.0","N/A","50.0","50.0","50.0","25.0","0.0","26.8","0.0","52.0"
"Non-Life Insurance","ALL       ","N/A","48.6","34.7","45.3","56.5","41.9","N/A","58.3","38.9","37.2","57.4","41.0","30.7","34.1","44.8","56.2","32.3","52.0","32.5","45.4","33.4","39.4","43.2","7.5","45.1","50.6","74.9","49.9","38.4","56.2","38.6","33.4","N/A","62.8","47.1","32.9","39.3","39.4","39.4","57.4","48.9","N/A","N/A","100.0","33.3","37.7","N/A","39.4","N/A","44.2","46.1","57.3","36.4","24.7","52.8","42.2","36.9","62.3","N/A","37.7","37.8","36.5","41.7","37.2","48.5","41.9","42.7","38.1","N/A","50.7","43.5","44.5","43.2","36.9","43.8","32.9","38.6"
"Reinsurance And Retrocession","1         ","N/A","77.8","26.0","76.8","12.5","32.1","N/A","0.0","25.0","26.0","26.9","32.8","26.0","76.8","76.9","15.7","75.2","32.8","32.1","76.9","32.1","31.5","31.5","25.0","76.9","76.9","76.9","26.0","32.1","77.0","31.5","26.0","N/A","76.8","76.0","25.0","76.0","32.1","32.1","36.6","76.0","N/A","N/A","100.0","31.5","31.5","N/A","76.9","N/A","100.0","75.2","76.9","75.2","12.5","75.2","76.8","32.1","26.0","N/A","31.5","76.8","31.5","75.1","31.5","15.7","76.9","32.1","25.0","N/A","0.0","32.1","76.9","31.5","76.9","26.0","32.1","26.0"
"Reinsurance And Retrocession","3         ","N/A","56.2","33.8","40.8","34.5","36.6","N/A","57.2","36.1","37.0","56.0","41.6","32.1","31.5","40.1","54.3","26.9","43.8","36.6","40.8","32.1","36.6","37.6","0.0","40.1","44.8","61.8","52.6","32.1","54.3","37.0","26.0","N/A","43.4","34.6","31.5","36.6","36.6","36.6","57.7","38.5","N/A","N/A","100.0","31.5","40.4","N/A","37.0","N/A","36.6","38.4","100.0","32.8","26.0","41.6","37.0","36.6","54.1","N/A","43.1","36.1","36.1","36.6","37.0","37.0","36.6","37.0","39.7","N/A","61.7","41.2","36.6","46.0","36.6","41.9","40.1","34.6"
"Reinsurance And Retrocession","4         ","N/A","0.0","50.0","50.0","26.8","50.0","N/A","50.0","25.0","0.0","50.0","0.0","12.5","12.5","50.0","27.9","0.0","53.6","50.0","50.0","0.0","25.0","50.0","50.0","53.6","50.0","50.0","50.0","50.0","50.0","13.4","50.0","N/A","53.6","50.0","0.0","25.0","25.0","25.0","0.0","50.0","N/A","N/A","100.0","50.0","50.0","N/A","25.0","N/A","50.0","53.6","0.0","26.8","26.8","12.5","50.0","0.0","53.6","N/A","25.0","12.5","0.0","25.0","0.0","0.0","50.0","53.6","0.0","N/A","50.0","50.0","50.0","25.0","50.0","26.8","0.0","52.0"
"Reinsurance And Retrocession","ALL       ","N/A","65.7","30.0","66.9","18.3","34.8","N/A","16.4","27.2","25.6","35.1","31.3","25.9","61.3","66.9","24.7","58.0","37.0","34.8","67.0","28.9","31.9","34.6","22.5","67.2","67.8","71.2","33.7","33.9","69.8","30.8","28.4","N/A","67.8","65.1","23.8","63.0","32.3","32.3","37.1","65.9","N/A","N/A","100.0","33.3","35.1","N/A","63.7","N/A","82.3","65.7","73.8","61.9","16.6","62.2","66.2","29.8","34.4","N/A","33.2","62.2","29.3","62.4","29.4","18.4","66.2","35.3","25.4","N/A","17.3","35.7","66.2","33.7","66.2","29.3","30.5","30.3"
"Commercial Banking","1         ","N/A","36.6","52.2","76.8","100.0","77.0","N/A","76.0","76.0","100.0","77.1","77.1","100.0","76.8","76.9","100.0","28.6","77.1","36.6","76.9","56.2","31.5","31.5","100.0","77.0","76.9","77.0","77.2","54.1","37.0","32.1","76.0","N/A","100.0","27.8","75.9","76.0","76.9","36.6","37.0","76.3","N/A","N/A","28.6","76.8","76.8","N/A","32.1","N/A","76.9","28.6","100.0","75.1","26.0","18.0","77.0","77.0","76.0","N/A","32.1","76.9","76.8","75.2","31.5","27.8","76.9","32.8","76.1","N/A","100.0","100.0","77.0","31.5","77.0","52.0","33.4","100.0"
"Commercial Banking","3         ","N/A","43.1","37.9","36.6","57.8","36.6","N/A","58.8","36.1","36.6","69.4","44.4","36.6","31.5","40.1","55.8","32.8","49.4","37.0","40.8","36.6","40.1","43.4","43.1","37.4","44.2","61.0","59.9","32.1","55.8","39.7","25.0","N/A","43.7","55.8","36.1","32.1","40.1","36.6","79.3","56.6","N/A","N/A","52.9","36.1","40.4","N/A","40.1","N/A","36.6","41.3","57.8","36.6","37.0","58.4","40.1","36.6","55.8","N/A","48.4","39.7","36.1","40.5","36.1","67.1","36.6","37.0","43.1","N/A","57.4","46.3","39.7","42.7","43.1","59.4","43.5","47.2"
"Commercial Banking","4         ","N/A","0.0","50.0","50.0","25.0","50.0","N/A","50.0","25.0","0.0","50.0","0.0","12.5","12.5","50.0","27.9","0.0","53.6","50.0","50.0","0.0","25.0","50.0","50.0","53.6","50.0","50.0","50.0","50.0","50.0","13.4","50.0","N/A","53.6","50.0","0.0","25.0","25.0","25.0","0.0","50.0","N/A","N/A","0.0","50.0","50.0","N/A","25.0","N/A","50.0","53.6","0.0","26.8","26.8","12.5","50.0","0.0","53.6","N/A","25.0","12.5","0.0","25.0","0.0","55.3","50.0","53.6","0.0","N/A","50.0","50.0","50.0","25.0","50.0","26.8","0.0","52.0"
"Commercial Banking","ALL       ","N/A","37.8","41.3","43.9","60.9","44.0","N/A","60.5","40.9","42.4","68.6","44.9","43.7","36.4","46.6","59.7","28.9","54.0","38.3","47.2","35.8","37.3","42.3","52.3","45.0","49.7","62.3","61.5","37.2","52.4","35.9","35.2","N/A","53.2","51.0","38.4","38.0","44.1","35.4","65.1","58.9","N/A","N/A","44.0","43.6","46.8","N/A","37.4","N/A","44.0","40.6","58.3","41.4","34.4","47.7","46.6","39.0","58.6","N/A","43.6","42.6","38.6","44.2","31.8","60.1","44.0","38.0","43.7","N/A","63.1","54.7","46.3","39.3","48.9","55.0","37.6","55.6"
"Health Services","1","N/A","N/A","N/A","N/A","N/A","N/A","N/A","N/A","N/A","N/A","N/A","N/A","N/A","N/A","N/A","N/A","N/A","N/A","N/A","N/A","N/A","N/A","N/A","N/A","N/A","N/A","N/A","N/A","N/A","N/A","N/A","N/A","N/A","N/A","N/A","N/A","N/A","N/A","N/A","N/A","N/A","N/A","N/A","N/A","N/A","N/A","N/A","N/A","N/A","N/A","N/A","N/A","N/A","N/A","N/A","N/A","N/A","N/A","N/A","N/A","N/A","N/A","N/A","N/A","N/A","N/A","N/A","N/A","N/A","N/A","N/A","N/A","N/A","N/A","N/A","N/A","N/A"
"Health Services","3","N/A","N/A","N/A","N/A","N/A","N/A","N/A","N/A","N/A","N/A","N/A","N/A","N/A","N/A","N/A","N/A","N/A","N/A","N/A","N/A","N/A","N/A","N/A","N/A","N/A","N/A","N/A","N/A","N/A","N/A","N/A","N/A","N/A","N/A","N/A","N/A","N/A","N/A","N/A","N/A","N/A","N/A","N/A","N/A","N/A","N/A","N/A","N/A","N/A","N/A","N/A","N/A","N/A","N/A","N/A","N/A","N/A","N/A","N/A","N/A","N/A","N/A","N/A","N/A","N/A","N/A","N/A","N/A","N/A","N/A","N/A","N/A","N/A","N/A","N/A","N/A","N/A"
"Health Services","4","N/A","N/A","N/A","N/A","N/A","N/A","N/A","N/A","N/A","N/A","N/A","N/A","N/A","N/A","N/A","N/A","N/A","N/A","N/A","N/A","N/A","N/A","N/A","N/A","N/A","N/A","N/A","N/A","N/A","N/A","N/A","N/A","N/A","N/A","N/A","N/A","N/A","N/A","N/A","N/A","N/A","N/A","N/A","N/A","N/A","N/A","N/A","N/A","N/A","N/A","N/A","N/A","N/A","N/A","N/A","N/A","N/A","N/A","N/A","N/A","N/A","N/A","N/A","N/A","N/A","N/A","N/A","N/A","N/A","N/A","N/A","N/A","N/A","N/A","N/A","N/A","N/A"
"Health Services","ALL","N/A","N/A","N/A","N/A","N/A","N/A","N/A","N/A","N/A","N/A","N/A","N/A","N/A","N/A","N/A","N/A","N/A","N/A","N/A","N/A","N/A","N/A","N/A","N/A","N/A","N/A","N/A","N/A","N/A","N/A","N/A","N/A","N/A","N/A","N/A","N/A","N/A","N/A","N/A","N/A","N/A","N/A","N/A","N/A","N/A","N/A","N/A","N/A","N/A","N/A","N/A","N/A","N/A","N/A","N/A","N/A","N/A","N/A","N/A","N/A","N/A","N/A","N/A","N/A","N/A","N/A","N/A","N/A","N/A","N/A","N/A","N/A","N/A","N/A","N/A","N/A","N/A"
"Hotel And Other Lodging Services","1","N/A","N/A","N/A","N/A","N/A","N/A","N/A","N/A","N/A","N/A","N/A","N/A","N/A","N/A","N/A","N/A","N/A","N/A","N/A","N/A","N/A","N/A","N/A","N/A","N/A","N/A","N/A","N/A","N/A","N/A","N/A","N/A","N/A","N/A","N/A","N/A","N/A","N/A","N/A","N/A","N/A","N/A","N/A","N/A","N/A","N/A","N/A","N/A","N/A","N/A","N/A","N/A","N/A","N/A","N/A","N/A","N/A","N/A","N/A","N/A","N/A","N/A","N/A","N/A","N/A","N/A","N/A","N/A","N/A","N/A","N/A","N/A","N/A","N/A","N/A","N/A","N/A"
"Hotel And Other Lodging Services","3","N/A","N/A","N/A","N/A","N/A","N/A","N/A","N/A","N/A","N/A","N/A","N/A","N/A","N/A","N/A","N/A","N/A","N/A","N/A","N/A","N/A","N/A","N/A","N/A","N/A","N/A","N/A","N/A","N/A","N/A","N/A","N/A","N/A","N/A","N/A","N/A","N/A","N/A","N/A","N/A","N/A","N/A","N/A","N/A","N/A","N/A","N/A","N/A","N/A","N/A","N/A","N/A","N/A","N/A","N/A","N/A","N/A","N/A","N/A","N/A","N/A","N/A","N/A","N/A","N/A","N/A","N/A","N/A","N/A","N/A","N/A","N/A","N/A","N/A","N/A","N/A","N/A"
"Hotel And Other Lodging Services","4","N/A","N/A","N/A","N/A","N/A","N/A","N/A","N/A","N/A","N/A","N/A","N/A","N/A","N/A","N/A","N/A","N/A","N/A","N/A","N/A","N/A","N/A","N/A","N/A","N/A","N/A","N/A","N/A","N/A","N/A","N/A","N/A","N/A","N/A","N/A","N/A","N/A","N/A","N/A","N/A","N/A","N/A","N/A","N/A","N/A","N/A","N/A","N/A","N/A","N/A","N/A","N/A","N/A","N/A","N/A","N/A","N/A","N/A","N/A","N/A","N/A","N/A","N/A","N/A","N/A","N/A","N/A","N/A","N/A","N/A","N/A","N/A","N/A","N/A","N/A","N/A","N/A"
"Hotel And Other Lodging Services","ALL","N/A","N/A","N/A","N/A","N/A","N/A","N/A","N/A","N/A","N/A","N/A","N/A","N/A","N/A","N/A","N/A","N/A","N/A","N/A","N/A","N/A","N/A","N/A","N/A","N/A","N/A","N/A","N/A","N/A","N/A","N/A","N/A","N/A","N/A","N/A","N/A","N/A","N/A","N/A","N/A","N/A","N/A","N/A","N/A","N/A","N/A","N/A","N/A","N/A","N/A","N/A","N/A","N/A","N/A","N/A","N/A","N/A","N/A","N/A","N/A","N/A","N/A","N/A","N/A","N/A","N/A","N/A","N/A","N/A","N/A","N/A","N/A","N/A","N/A","N/A","N/A","N/A"
"Travel Agencies And Tour Operators Services","1","N/A","N/A","N/A","N/A","N/A","N/A","N/A","N/A","N/A","N/A","N/A","N/A","N/A","N/A","N/A","N/A","N/A","N/A","N/A","N/A","N/A","N/A","N/A","N/A","N/A","N/A","N/A","N/A","N/A","N/A","N/A","N/A","N/A","N/A","N/A","N/A","N/A","N/A","N/A","N/A","N/A","N/A","N/A","N/A","N/A","N/A","N/A","N/A","N/A","N/A","N/A","N/A","N/A","N/A","N/A","N/A","N/A","N/A","N/A","N/A","N/A","N/A","N/A","N/A","N/A","N/A","N/A","N/A","N/A","N/A","N/A","N/A","N/A","N/A","N/A","N/A","N/A"
"Travel Agencies And Tour Operators Services","3","N/A","N/A","N/A","N/A","N/A","N/A","N/A","N/A","N/A","N/A","N/A","N/A","N/A","N/A","N/A","N/A","N/A","N/A","N/A","N/A","N/A","N/A","N/A","N/A","N/A","N/A","N/A","N/A","N/A","N/A","N/A","N/A","N/A","N/A","N/A","N/A","N/A","N/A","N/A","N/A","N/A","N/A","N/A","N/A","N/A","N/A","N/A","N/A","N/A","N/A","N/A","N/A","N/A","N/A","N/A","N/A","N/A","N/A","N/A","N/A","N/A","N/A","N/A","N/A","N/A","N/A","N/A","N/A","N/A","N/A","N/A","N/A","N/A","N/A","N/A","N/A","N/A"
"Travel Agencies And Tour Operators Services","4","N/A","N/A","N/A","N/A","N/A","N/A","N/A","N/A","N/A","N/A","N/A","N/A","N/A","N/A","N/A","N/A","N/A","N/A","N/A","N/A","N/A","N/A","N/A","N/A","N/A","N/A","N/A","N/A","N/A","N/A","N/A","N/A","N/A","N/A","N/A","N/A","N/A","N/A","N/A","N/A","N/A","N/A","N/A","N/A","N/A","N/A","N/A","N/A","N/A","N/A","N/A","N/A","N/A","N/A","N/A","N/A","N/A","N/A","N/A","N/A","N/A","N/A","N/A","N/A","N/A","N/A","N/A","N/A","N/A","N/A","N/A","N/A","N/A","N/A","N/A","N/A","N/A"
"Travel Agencies And Tour Operators Services","ALL","N/A","N/A","N/A","N/A","N/A","N/A","N/A","N/A","N/A","N/A","N/A","N/A","N/A","N/A","N/A","N/A","N/A","N/A","N/A","N/A","N/A","N/A","N/A","N/A","N/A","N/A","N/A","N/A","N/A","N/A","N/A","N/A","N/A","N/A","N/A","N/A","N/A","N/A","N/A","N/A","N/A","N/A","N/A","N/A","N/A","N/A","N/A","N/A","N/A","N/A","N/A","N/A","N/A","N/A","N/A","N/A","N/A","N/A","N/A","N/A","N/A","N/A","N/A","N/A","N/A","N/A","N/A","N/A","N/A","N/A","N/A","N/A","N/A","N/A","N/A","N/A","N/A"
"Tourist Guides Services","1","N/A","N/A","N/A","N/A","N/A","N/A","N/A","N/A","N/A","N/A","N/A","N/A","N/A","N/A","N/A","N/A","N/A","N/A","N/A","N/A","N/A","N/A","N/A","N/A","N/A","N/A","N/A","N/A","N/A","N/A","N/A","N/A","N/A","N/A","N/A","N/A","N/A","N/A","N/A","N/A","N/A","N/A","N/A","N/A","N/A","N/A","N/A","N/A","N/A","N/A","N/A","N/A","N/A","N/A","N/A","N/A","N/A","N/A","N/A","N/A","N/A","N/A","N/A","N/A","N/A","N/A","N/A","N/A","N/A","N/A","N/A","N/A","N/A","N/A","N/A","N/A","N/A"
"Tourist Guides Services","3","N/A","N/A","N/A","N/A","N/A","N/A","N/A","N/A","N/A","N/A","N/A","N/A","N/A","N/A","N/A","N/A","N/A","N/A","N/A","N/A","N/A","N/A","N/A","N/A","N/A","N/A","N/A","N/A","N/A","N/A","N/A","N/A","N/A","N/A","N/A","N/A","N/A","N/A","N/A","N/A","N/A","N/A","N/A","N/A","N/A","N/A","N/A","N/A","N/A","N/A","N/A","N/A","N/A","N/A","N/A","N/A","N/A","N/A","N/A","N/A","N/A","N/A","N/A","N/A","N/A","N/A","N/A","N/A","N/A","N/A","N/A","N/A","N/A","N/A","N/A","N/A","N/A"
"Tourist Guides Services","4","N/A","N/A","N/A","N/A","N/A","N/A","N/A","N/A","N/A","N/A","N/A","N/A","N/A","N/A","N/A","N/A","N/A","N/A","N/A","N/A","N/A","N/A","N/A","N/A","N/A","N/A","N/A","N/A","N/A","N/A","N/A","N/A","N/A","N/A","N/A","N/A","N/A","N/A","N/A","N/A","N/A","N/A","N/A","N/A","N/A","N/A","N/A","N/A","N/A","N/A","N/A","N/A","N/A","N/A","N/A","N/A","N/A","N/A","N/A","N/A","N/A","N/A","N/A","N/A","N/A","N/A","N/A","N/A","N/A","N/A","N/A","N/A","N/A","N/A","N/A","N/A","N/A"
"Tourist Guides Services","ALL","N/A","N/A","N/A","N/A","N/A","N/A","N/A","N/A","N/A","N/A","N/A","N/A","N/A","N/A","N/A","N/A","N/A","N/A","N/A","N/A","N/A","N/A","N/A","N/A","N/A","N/A","N/A","N/A","N/A","N/A","N/A","N/A","N/A","N/A","N/A","N/A","N/A","N/A","N/A","N/A","N/A","N/A","N/A","N/A","N/A","N/A","N/A","N/A","N/A","N/A","N/A","N/A","N/A","N/A","N/A","N/A","N/A","N/A","N/A","N/A","N/A","N/A","N/A","N/A","N/A","N/A","N/A","N/A","N/A","N/A","N/A","N/A","N/A","N/A","N/A","N/A","N/A"
"Transport Services","ALL       ","N/A","48.5","38.8","43.8","61.1","41.8","N/A","39.2","36.4","31.7","45.8","39.6","50.6","35.8","44.1","36.2","23.5","49.6","42.8","44.2","33.6","41.1","39.3","19.6","44.9","45.2","64.9","48.3","40.5","60.6","38.2","30.8","N/A","42.4","44.8","49.7","33.7","35.9","40.9","68.8","50.7","N/A","N/A","64.9","39.5","40.6","N/A","51.3","N/A","42.0","41.0","38.7","57.8","31.8","67.4","42.4","32.5","48.7","N/A","35.3","37.2","36.6","36.9","34.8","57.8","38.9","43.7","41.2","N/A","63.0","57.6","41.8","57.2","43.1","38.0","42.9","50.0"
"Maritime: Freight Transportation","1         ","N/A","36.1","40.1","N/A","57.8","36.6","N/A","26.9","39.7","43.1","36.6","48.7","26.0","N/A","40.1","52.2","76.9","52.5","43.1","43.1","36.6","36.1","42.7","0.0","N/A","32.1","59.3","37.5","40.1","45.7","42.7","39.7","N/A","36.1","25.0","39.7","32.1","36.6","N/A","54.1","40.1","N/A","N/A","44.1","39.7","39.7","N/A","55.8","N/A","40.1","12.5","85.0","52.0","31.5","76.0","36.1","43.1","43.1","N/A","36.1","N/A","58.8","36.6","36.1","54.3","43.1","N/A","79.4","N/A","25.0","26.0","45.4","59.2","36.6","36.1","84.1","31.5"
"Maritime: Freight Transportation","3         ","N/A","42.7","40.8","N/A","66.9","36.6","N/A","36.1","39.7","45.7","58.2","45.7","32.1","N/A","43.1","55.6","26.0","57.2","43.1","43.1","40.1","36.1","59.5","25.0","N/A","44.2","59.0","56.6","40.1","45.7","43.4","40.4","N/A","40.4","52.7","56.0","32.1","36.6","N/A","55.8","59.9","N/A","N/A","50.5","39.7","40.4","N/A","61.0","N/A","43.1","39.2","57.4","100.0","42.7","41.5","36.1","40.1","45.7","N/A","39.7","N/A","58.8","43.1","39.7","55.6","43.1","N/A","62.0","N/A","27.9","33.3","47.8","58.8","36.6","39.7","57.4","37.6"
"Maritime: Freight Transportation","4         ","N/A","50.0","50.0","N/A","25.0","50.0","N/A","50.0","50.0","0.0","50.0","0.0","12.5","N/A","50.0","25.0","53.6","53.6","50.0","50.0","0.0","50.0","25.0","50.0","N/A","50.0","50.0","50.0","50.0","50.0","13.4","25.0","N/A","53.6","50.0","0.0","12.5","12.5","N/A","50.0","50.0","N/A","N/A","0.0","50.0","50.0","N/A","53.6","N/A","50.0","27.9","0.0","25.0","25.0","25.0","50.0","0.0","53.6","N/A","25.0","N/A","0.0","50.0","0.0","0.0","25.0","N/A","0.0","N/A","50.0","53.6","50.0","0.0","53.6","53.6","0.0","26.0"
"Maritime: Freight Transportation","ALL       ","N/A","40.2","42.2","N/A","53.1","39.2","N/A","33.4","41.7","35.0","43.6","38.3","24.5","N/A","42.7","47.5","62.1","53.7","44.5","44.5","29.9","38.8","42.5","15.0","N/A","38.1","57.4","43.8","42.1","46.6","37.0","36.9","N/A","40.4","35.5","35.0","28.2","31.7","N/A","53.6","46.0","N/A","N/A","36.6","41.7","41.9","N/A","56.4","N/A","42.7","20.9","62.5","56.2","32.4","58.9","38.8","33.9","45.7","N/A","34.6","N/A","47.0","40.6","29.6","43.7","39.5","N/A","60.0","N/A","30.6","33.0","46.8","47.3","40.0","40.3","62.0","31.6"
"Maritime Cargo-Handling, Storage, Warehousing And Container Station Depot Services","3         ","N/A","42.7","37.4","N/A","45.8","36.6","N/A","42.7","31.5","36.6","37.4","40.1","32.1","N/A","54.1","31.5","12.5","47.8","36.6","40.1","32.1","36.1","37.0","0.0","N/A","44.2","43.1","40.9","32.1","36.6","36.1","0.0","N/A","40.4","33.4","25.0","32.1","36.6","N/A","41.7","38.0","N/A","N/A","59.2","31.5","37.0","N/A","36.1","N/A","36.6","35.5","36.6","36.6","36.1","100.0","36.1","32.1","37.4","N/A","36.1","N/A","39.7","32.1","36.1","52.0","37.4","N/A","36.1","N/A","27.9","33.3","36.1","39.7","36.6","31.5","40.1","52.7"
"Maritime Cargo-Handling, Storage, Warehousing And Container Station Depot Services","4         ","N/A","0.0","50.0","N/A","25.0","50.0","N/A","50.0","25.0","0.0","50.0","0.0","12.5","N/A","50.0","50.0","0.0","53.6","50.0","50.0","0.0","25.0","50.0","50.0","N/A","50.0","50.0","50.0","50.0","50.0","13.4","50.0","N/A","53.6","50.0","0.0","25.0","25.0","N/A","50.0","50.0","N/A","N/A","0.0","50.0","50.0","N/A","25.0","N/A","50.0","53.6","0.0","26.8","26.8","50.3","50.0","0.0","53.6","N/A","25.0","N/A","0.0","25.0","25.0","0.0","50.0","N/A","0.0","N/A","50.0","50.0","50.0","0.0","50.0","26.8","0.0","52.0"
"Maritime Cargo-Handling, Storage, Warehousing And Container Station Depot Services","ALL       ","N/A","38.5","38.7","N/A","43.7","37.9","N/A","43.5","30.8","32.9","38.7","36.1","30.2","N/A","53.7","33.3","11.3","48.4","37.9","41.1","28.9","35.0","38.3","5.0","N/A","44.8","43.8","41.8","33.9","37.9","33.8","5.0","N/A","41.8","35.1","22.5","31.4","35.4","N/A","42.5","39.2","N/A","N/A","53.2","33.3","38.3","N/A","35.0","N/A","37.9","37.3","32.9","35.6","35.1","95.0","37.5","28.9","39.0","N/A","35.0","N/A","35.7","31.4","35.0","46.8","38.7","N/A","32.5","N/A","30.1","34.9","37.5","35.7","37.9","31.0","36.1","52.7"
"Maritime Intermediation Auxiliary Services","1         ","N/A","100.0","100.0","N/A","100.0","32.1","N/A","0.0","25.0","76.0","100.0","100.0","26.0","N/A","32.1","75.0","76.0","100.0","32.1","32.1","32.1","31.5","31.5","0.0","N/A","32.1","100.0","100.0","32.1","32.1","100.0","0.0","N/A","36.1","25.0","75.9","76.0","32.1","N/A","100.0","100.0","N/A","N/A","76.1","31.5","31.5","N/A","100.0","N/A","32.1","100.0","76.0","100.0","0.0","12.5","76.8","76.9","26.0","N/A","36.1","N/A","31.5","12.5","100.0","100.0","32.1","N/A","75.9","N/A","100.0","76.9","76.8","31.5","32.1","0.0","77.8","100.0"
"Maritime Intermediation Auxiliary Services","3         ","N/A","39.7","33.3","N/A","100.0","36.6","N/A","39.7","31.5","36.6","37.4","40.1","32.1","N/A","36.6","31.5","12.5","47.9","36.6","36.6","32.1","36.1","37.0","25.0","N/A","44.2","43.1","37.4","32.1","36.6","36.1","0.0","N/A","40.4","27.9","25.0","32.1","36.6","N/A","55.8","38.0","N/A","N/A","59.2","31.5","37.0","N/A","38.0","N/A","36.6","54.9","36.6","36.6","53.9","56.6","36.1","32.1","33.3","N/A","36.1","N/A","36.1","32.1","36.1","52.4","36.6","N/A","36.1","N/A","27.9","33.3","36.1","36.1","36.6","31.5","40.1","33.4"
"Maritime Intermediation Auxiliary Services","4         ","N/A","0.0","50.0","N/A","26.8","50.0","N/A","50.0","25.0","0.0","50.0","0.0","12.5","N/A","50.0","27.9","0.0","53.6","50.0","50.0","0.0","25.0","50.0","50.0","N/A","50.0","50.0","50.0","50.0","50.0","13.4","50.0","N/A","53.6","50.0","0.0","25.0","25.0","N/A","50.0","50.0","N/A","N/A","0.0","50.0","50.0","N/A","25.0","N/A","50.0","53.6","0.0","26.8","26.8","12.5","50.0","0.0","53.6","N/A","25.0","N/A","0.0","25.0","25.0","0.0","50.0","N/A","0.0","N/A","50.0","53.6","50.0","0.0","50.0","26.8","0.0","52.0"
"Maritime Intermediation Auxiliary Services","ALL       ","N/A","47.8","48.3","N/A","92.7","37.0","N/A","32.8","29.5","40.8","51.2","48.1","28.9","N/A","37.0","39.8","24.0","58.9","37.0","37.0","28.9","34.0","37.2","22.5","N/A","42.3","55.2","51.2","33.9","37.0","46.6","5.0","N/A","40.9","29.5","32.7","40.2","34.5","N/A","64.1","51.6","N/A","N/A","56.6","33.3","37.2","N/A","49.1","N/A","37.0","63.8","40.8","48.3","40.4","43.4","45.6","37.9","33.8","N/A","35.0","N/A","31.5","27.5","47.7","56.7","37.0","N/A","40.4","N/A","44.5","44.0","45.6","31.5","37.0","24.7","43.6","48.6"
"Air Passenger Domestic","3         ","N/A","58.2","37.4","58.0","57.4","56.2","N/A","66.9","63.2","43.1","60.6","59.0","45.7","67.0","57.8","57.6","32.1","57.6","57.8","57.8","57.8","57.6","58.0","N/A","57.8","61.3","51.2","59.7","56.4","57.8","58.0","58.0","N/A","43.4","56.6","54.3","57.8","59.3","N/A","64.7","66.3","N/A","N/A","100.0","56.0","43.4","N/A","60.9","N/A","57.8","100.0","57.6","67.0","42.8","59.9","59.1","56.2","57.8","N/A","N/A","67.0","57.6","63.4","57.6","57.8","56.2","57.8","67.2","N/A","67.4","52.7","67.0","56.0","59.3","58.6","100.0","59.7"
"Air Passenger Domestic","4         ","N/A","0.0","50.0","50.0","25.0","50.0","N/A","50.0","50.0","0.0","50.0","0.0","12.5","12.5","50.0","25.0","0.0","53.6","50.0","50.0","0.0","50.0","25.0","N/A","53.6","50.0","50.0","50.0","50.0","50.0","13.4","25.0","N/A","53.6","50.0","0.0","12.5","12.5","N/A","0.0","50.0","N/A","N/A","25.0","50.0","50.0","N/A","25.0","N/A","50.0","27.9","0.0","25.0","25.0","12.5","50.0","0.0","53.6","N/A","N/A","12.5","0.0","50.0","0.0","50.0","25.0","53.6","100.0","N/A","50.0","50.0","50.0","0.0","53.6","53.6","25.0","26.0"
"Air Passenger Domestic","ALL       ","N/A","46.6","39.9","56.4","51.0","55.0","N/A","63.5","60.6","34.5","58.5","47.2","39.1","56.1","56.2","51.1","25.7","56.8","56.2","56.2","46.2","56.1","51.4","N/A","57.0","59.0","51.0","57.7","55.1","56.2","49.0","51.4","N/A","45.4","55.3","43.4","48.7","50.0","N/A","51.8","63.1","N/A","N/A","85.0","54.8","44.7","N/A","53.7","N/A","56.2","85.6","46.1","58.6","39.3","50.4","57.3","45.0","57.0","N/A","N/A","56.1","46.1","60.7","46.1","56.2","50.0","57.0","73.8","N/A","63.9","52.2","63.6","44.8","58.2","57.6","85.0","53.0"
"Air Passenger International","1         ","N/A","67.8","46.2","81.1","87.7","76.3","N/A","71.2","61.1","64.6","85.9","64.9","53.7","75.5","68.7","53.9","67.6","86.0","93.2","77.2","72.8","72.3","77.6","70.4","75.6","67.2","70.9","71.3","62.7","80.2","76.8","52.8","N/A","87.9","84.5","71.0","81.7","81.3","71.8","75.6","72.1","N/A","N/A","85.0","71.8","28.8","N/A","75.1","N/A","79.8","84.4","78.0","61.3","65.9","77.7","77.8","73.4","88.5","N/A","67.8","84.7","91.6","76.9","83.3","83.2","78.1","76.9","45.0","N/A","80.4","79.6","77.4","86.0","71.4","51.6","71.9","73.8"
"Air Passenger International","3         ","N/A","58.2","56.6","58.0","57.4","56.2","N/A","66.9","63.2","43.1","60.6","45.7","45.7","67.0","57.8","57.2","32.1","57.6","57.8","57.8","56.2","57.6","58.0","79.4","57.8","61.3","51.2","59.7","56.4","57.8","57.6","40.4","N/A","43.4","56.6","54.3","57.8","59.3","56.2","64.7","41.3","N/A","N/A","100.0","56.0","58.0","N/A","60.9","N/A","68.3","100.0","50.0","56.0","40.9","59.7","59.1","56.2","57.8","N/A","45.4","67.0","57.6","65.9","57.6","57.8","56.2","57.8","69.5","N/A","67.4","52.7","67.0","57.6","59.3","60.1","45.7","59.7"
"Air Passenger International","4         ","N/A","0.0","50.0","50.0","25.0","50.0","N/A","50.0","50.0","0.0","50.0","0.0","0.0","12.5","50.0","25.0","0.0","53.6","50.0","50.0","0.0","50.0","25.0","50.0","53.6","50.0","50.0","50.0","50.0","50.0","13.4","25.0","N/A","53.6","50.0","0.0","12.5","12.5","50.0","0.0","50.0","N/A","N/A","25.0","50.0","50.0","N/A","25.0","N/A","50.0","27.9","0.0","25.0","25.0","12.5","50.0","0.0","53.6","N/A","25.0","12.5","0.0","50.0","0.0","50.0","25.0","53.6","25.0","N/A","50.0","50.0","50.0","0.0","53.6","53.6","0.0","26.0"
"Air Passenger International","ALL       ","N/A","51.4","50.1","68.0","66.1","65.0","N/A","65.7","59.5","45.3","71.1","46.2","40.6","60.3","61.7","49.1","43.4","71.0","73.9","65.9","53.3","63.4","61.2","69.0","65.9","62.0","60.8","63.6","58.3","67.4","58.3","43.5","N/A","67.7","69.2","51.8","60.7","60.9","62.8","57.2","58.4","N/A","N/A","77.5","62.7","41.8","N/A","60.8","N/A","70.4","77.8","54.0","52.5","50.2","59.2","66.7","53.5","72.3","N/A","52.5","64.9","63.1","68.2","58.9","69.0","60.9","66.5","48.3","N/A","70.4","65.6","68.8","60.3","64.2","54.5","49.7","60.0"
"Air Freight Domestic","3         ","N/A","58.2","37.4","58.0","57.6","56.2","N/A","66.9","63.2","43.1","60.6","45.7","42.7","67.0","57.8","31.5","32.1","57.6","57.8","57.8","57.8","57.6","58.0","N/A","57.8","61.3","51.2","46.4","56.4","57.8","58.0","58.0","N/A","43.4","56.6","54.3","57.8","59.3","N/A","65.9","66.3","N/A","N/A","100.0","56.0","43.4","N/A","59.5","N/A","57.8","100.0","57.6","67.0","42.8","59.9","59.1","56.2","57.8","N/A","N/A","67.0","57.6","63.4","57.6","57.8","56.2","57.8","67.2","N/A","67.4","54.5","67.0","47.8","59.3","58.6","70.4","59.7"
"Air Freight Domestic","4         ","N/A","0.0","50.0","50.0","25.0","50.0","N/A","50.0","50.0","0.0","50.0","0.0","12.5","12.5","50.0","25.0","0.0","53.6","50.0","50.0","0.0","50.0","25.0","N/A","53.6","50.0","50.0","50.0","50.0","50.0","13.4","25.0","N/A","53.6","50.0","0.0","12.5","12.5","N/A","0.0","50.0","N/A","N/A","25.0","50.0","50.0","N/A","25.0","N/A","50.0","27.9","0.0","25.0","25.0","12.5","50.0","0.0","53.6","N/A","N/A","12.5","0.0","50.0","0.0","50.0","25.0","53.6","100.0","N/A","50.0","50.0","50.0","0.0","53.6","53.6","0.0","26.0"
"Air Freight Domestic","ALL       ","N/A","46.6","39.9","56.4","51.1","55.0","N/A","63.5","60.6","34.5","58.5","36.6","36.7","56.1","56.2","30.2","25.7","56.8","56.2","56.2","46.2","56.1","51.4","N/A","57.0","59.0","51.0","47.1","55.1","56.2","49.0","51.4","N/A","45.4","55.3","43.4","48.7","50.0","N/A","52.8","63.1","N/A","N/A","85.0","54.8","44.7","N/A","52.6","N/A","56.2","85.6","46.1","58.6","39.3","50.4","57.3","45.0","57.0","N/A","N/A","56.1","46.1","60.7","46.1","56.2","50.0","57.0","73.8","N/A","63.9","53.6","63.6","38.3","58.2","57.6","56.3","53.0"
"Air Freight International","1         ","N/A","33.9","23.1","40.6","43.8","38.1","N/A","35.6","30.5","32.3","42.9","32.4","26.9","37.8","34.3","27.0","33.8","43.0","46.6","38.6","36.4","36.1","38.8","35.2","37.8","33.6","35.4","35.7","31.3","40.1","38.4","26.4","N/A","44.0","42.3","35.5","40.9","40.6","35.9","37.8","36.0","N/A","N/A","42.5","35.9","14.4","N/A","37.6","N/A","39.9","42.2","39.0","30.7","32.9","38.8","38.9","36.7","44.3","N/A","33.9","42.3","45.8","38.4","41.7","41.6","39.1","38.4","22.5","N/A","40.2","39.8","38.7","43.0","35.7","25.8","35.9","36.9"
"Air Freight International","3         ","N/A","58.2","56.6","58.0","57.4","56.2","N/A","66.9","63.2","43.1","60.6","59.0","42.7","67.0","57.8","57.6","32.1","57.6","57.8","57.8","56.2","57.6","58.0","81.0","57.8","61.3","51.2","46.4","56.4","57.8","57.6","40.4","N/A","43.4","56.6","54.3","57.8","59.3","56.2","65.9","41.3","N/A","N/A","100.0","56.0","58.0","N/A","59.5","N/A","68.3","100.0","57.6","56.0","40.9","59.7","59.1","56.2","57.8","N/A","45.4","67.0","57.6","65.9","57.6","57.8","56.2","57.8","69.5","N/A","67.4","54.5","67.0","56.0","59.3","60.1","45.4","58.2"
"Air Freight International","4         ","N/A","0.0","50.0","50.0","25.0","50.0","N/A","50.0","50.0","0.0","50.0","0.0","12.5","12.5","50.0","25.0","0.0","53.6","50.0","50.0","0.0","50.0","25.0","50.0","53.6","50.0","50.0","50.0","50.0","50.0","13.4","25.0","N/A","53.6","50.0","0.0","12.5","12.5","50.0","0.0","50.0","N/A","N/A","25.0","50.0","50.0","N/A","25.0","N/A","50.0","27.9","0.0","25.0","25.0","12.5","50.0","0.0","53.6","N/A","25.0","12.5","0.0","50.0","0.0","50.0","25.0","53.6","25.0","N/A","50.0","50.0","50.0","0.0","53.6","53.6","0.0","26.0"
"Air Freight International","ALL       ","N/A","34.4","38.5","47.7","44.2","45.9","N/A","47.9","44.2","29.1","49.6","33.9","28.8","41.5","44.5","35.8","26.5","49.5","50.6","46.6","35.1","45.4","41.8","51.9","47.0","45.2","43.1","41.8","42.6","47.4","39.2","30.3","N/A","45.7","48.1","34.0","40.3","40.6","44.8","38.7","40.4","N/A","N/A","56.2","44.8","34.6","N/A","41.6","N/A","50.4","56.7","36.8","37.1","33.8","39.8","47.2","35.2","50.2","N/A","35.6","43.8","40.2","49.0","38.1","48.1","41.4","47.3","37.1","N/A","50.3","46.2","49.4","38.3","46.4","41.6","31.6","41.1"
"Rail: Freight Transportation","1         ","N/A","100.0","N/A","36.1","100.0","36.6","N/A","0.0","25.0","26.0","26.0","100.0","100.0","36.1","36.6","N/A","N/A","100.0","36.6","36.6","36.6","36.1","36.1","N/A","36.6","N/A","100.0","N/A","36.6","100.0","36.1","N/A","N/A","31.5","0.0","100.0","32.1","36.6","36.6","100.0","26.0","N/A","N/A","100.0","36.1","N/A","N/A","75.9","N/A","36.6","N/A","100.0","100.0","0.0","N/A","36.1","36.6","26.0","N/A","N/A","36.1","36.1","12.5","36.1","N/A","36.6","36.6","N/A","N/A","100.0","100.0","31.5","100.0","36.6","25.0","77.8","100.0"
"Rail: Freight Transportation","3         ","N/A","77.7","33.3","40.4","100.0","40.1","N/A","39.7","31.5","36.6","36.6","40.1","100.0","39.7","43.1","N/A","N/A","32.1","40.1","43.1","43.1","39.7","40.4","N/A","43.1","N/A","100.0","40.8","40.1","100.0","43.4","25.0","N/A","40.4","75.9","100.0","36.6","40.1","36.6","100.0","56.8","N/A","N/A","100.0","36.1","40.4","N/A","56.0","N/A","40.8","N/A","32.8","100.0","36.1","100.0","39.7","36.6","76.9","N/A","N/A","39.7","42.7","36.6","39.7","100.0","40.8","43.1","45.4","N/A","100.0","100.0","36.1","100.0","43.1","36.1","40.1","55.0"
"Rail: Freight Transportation","4         ","N/A","0.0","50.0","50.0","31.5","50.0","N/A","50.0","50.0","0.0","50.0","0.0","100.0","12.5","50.0","N/A","N/A","100.0","50.0","50.0","0.0","50.0","25.0","N/A","53.6","N/A","100.0","50.0","50.0","100.0","13.4","25.0","N/A","53.6","50.0","100.0","12.5","12.5","50.0","52.0","50.0","N/A","N/A","100.0","50.0","50.0","N/A","25.0","N/A","50.0","N/A","0.0","31.5","25.0","100.0","50.0","0.0","53.6","N/A","N/A","12.5","0.0","50.0","0.0","100.0","25.0","53.6","0.0","N/A","100.0","52.0","50.0","25.0","53.6","53.6","0.0","26.0"
"Rail: Freight Transportation","ALL       ","N/A","74.4","35.3","40.5","93.1","40.4","N/A","32.8","32.0","30.8","35.8","48.1","100.0","36.2","42.5","N/A","N/A","52.5","40.4","42.5","37.5","40.0","38.0","N/A","42.8","N/A","100.0","41.9","40.4","100.0","38.9","25.0","N/A","40.0","58.1","100.0","33.3","36.6","37.9","95.2","50.0","N/A","N/A","100.0","37.5","41.6","N/A","56.9","N/A","40.9","N/A","42.9","93.1","27.7","100.0","40.0","32.9","64.4","N/A","N/A","36.2","37.1","33.1","35.0","100.0","38.4","42.8","40.0","N/A","100.0","95.2","36.5","92.5","42.8","35.6","43.6","61.1"
"Road: Freight Transportation","3         ","N/A","39.7","33.3","40.8","32.8","40.1","N/A","39.7","31.5","36.6","54.1","40.1","31.5","36.1","40.1","31.5","12.5","36.1","40.1","43.1","40.1","39.7","40.4","0.0","40.1","44.2","43.1","58.2","36.6","36.6","40.4","50.0","N/A","40.4","34.0","25.0","36.6","40.1","36.6","65.9","55.8","N/A","N/A","57.4","36.1","37.0","N/A","56.0","N/A","37.4","35.5","32.1","36.1","31.5","56.6","39.7","36.6","32.1","N/A","36.1","39.7","39.7","32.1","39.7","32.8","40.1","36.6","43.1","N/A","53.2","37.0","36.1","55.6","40.1","36.1","43.5","35.6"
"Road: Freight Transportation","4         ","N/A","0.0","50.0","50.0","25.0","50.0","N/A","50.0","50.0","0.0","50.0","0.0","12.5","12.5","50.0","25.0","0.0","53.6","50.0","50.0","0.0","50.0","25.0","50.0","53.6","50.0","50.0","50.0","50.0","50.0","13.4","25.0","N/A","53.6","50.0","0.0","12.5","12.5","50.0","50.0","50.0","N/A","N/A","0.0","50.0","50.0","N/A","25.0","N/A","50.0","27.9","0.0","25.0","25.0","0.0","50.0","0.0","53.6","N/A","25.0","12.5","0.0","50.0","0.0","0.0","25.0","53.6","0.0","N/A","50.0","50.0","50.0","0.0","53.6","53.6","0.0","75.1"
"Road: Freight Transportation","ALL       ","N/A","29.8","37.4","43.1","30.8","42.6","N/A","42.3","36.1","27.4","53.1","30.1","26.7","30.2","42.6","29.9","9.4","40.4","42.6","44.8","30.1","42.3","36.6","12.5","43.5","45.6","44.8","56.1","39.9","39.9","33.7","43.8","N/A","43.7","38.0","18.8","30.5","33.2","39.9","62.0","54.4","N/A","N/A","43.1","39.5","40.2","N/A","48.2","N/A","40.6","33.6","24.1","33.3","29.9","42.4","42.3","27.4","37.5","N/A","33.3","32.9","29.8","36.6","29.8","24.6","36.3","40.8","32.3","N/A","52.4","40.2","39.5","41.7","43.5","40.4","32.6","45.5"
